{
  "task": "T1",
  "plane_nominal": 7.092634283049094,
  "n_reps_kept": 192,
  "n_reps_total": 203,
  "T": {
    "mean": 2.130208333333333,
    "sd": 0.5375824253122767,
    "p5": 1.4183333333333332,
    "p25": 1.7,
    "p50": 2.0833333333333335,
    "p75": 2.4416666666666664,
    "p95": 3.1,
    "min": 1.1333333333333333,
    "max": 3.6
  },
  "peak": {
    "mean": 94.65477001551604,
    "sd": 8.97128470392458,
    "p5": 77.93851402439027,
    "p25": 89.33491406804646,
    "p50": 95.8114599039843,
    "p75": 101.03682714624594,
    "p95": 107.31014427776974,
    "min": 75.21428911354374,
    "max": 113.10358186085065
  },
  "skew": {
    "mean": -7.401486830834377e-17,
    "sd": 0.7818385859645154,
    "p5": -1.3445759398771142,
    "p25": -0.46093579621935943,
    "p50": 0.1297278759337588,
    "p75": 0.6320600981701161,
    "p95": 0.9642928351140578,
    "min": -2.5300867084230116,
    "max": 1.185621455375543
  },
  "plane": {
    "mean": 7.428052999495862,
    "sd": 6.055376645335346,
    "p5": -1.4700656289622778,
    "p25": 3.397737266570788,
    "p50": 7.092634283049094,
    "p75": 10.169640375514899,
    "p95": 19.49734443385565,
    "min": -6.151690817527021,
    "max": 23.429096156303586
  },
  "elbow_peak": {
    "mean": 116.33289736071293,
    "sd": 24.44421660483481,
    "p5": 39.16159296657634,
    "p25": 113.04077145541186,
    "p50": 121.5963670428128,
    "p75": 127.91856655912243,
    "p95": 138.7987270550293,
    "min": 16.823260825653193,
    "max": 146.96267441177105
  }
}