{
  "task": "T2",
  "plane_nominal": 13.61629531447926,
  "n_reps_kept": 178,
  "n_reps_total": 192,
  "T": {
    "mean": 2.8668539325842697,
    "sd": 1.4339450710554205,
    "p5": 1.0,
    "p25": 1.6,
    "p50": 2.533333333333333,
    "p75": 4.066666666666666,
    "p95": 5.505,
    "min": 0.8,
    "max": 6.966666666666667
  },
  "peak": {
    "mean": 88.43563797975922,
    "sd": 8.926558315537491,
    "p5": 68.167496882826,
    "p25": 83.8783473137149,
    "p50": 88.45991823328623,
    "p75": 94.60818240558045,
    "p95": 101.82300672874877,
    "min": 61.85918651191895,
    "max": 109.94761975027943
  },
  "skew": {
    "mean": -9.979532805619384e-18,
    "sd": 0.7664495020002305,
    "p5": -1.311512873601709,
    "p25": -0.6599657121803055,
    "p50": 0.2019044846481653,
    "p75": 0.6299843281422022,
    "p95": 1.0775851747305527,
    "min": -1.5550873156671838,
    "max": 1.4727592286632443
  },
  "plane": {
    "mean": 16.760664946292867,
    "sd": 14.712254392014582,
    "p5": -4.85847208046736,
    "p25": 6.959778975899385,
    "p50": 13.61629531447926,
    "p75": 25.60847701976129,
    "p95": 44.96203101396297,
    "min": -13.092735733614195,
    "max": 62.72105597858268
  },
  "elbow_peak": {
    "mean": 100.68977324821157,
    "sd": 38.4424592224484,
    "p5": 24.86695358466087,
    "p25": 83.93409455264593,
    "p50": 114.35588833746598,
    "p75": 129.398496464419,
    "p95": 142.69546321613305,
    "min": 18.727424816949082,
    "max": 155.33948285063676
  }
}